rmse,dummy_rmse,rrmse,correlation
0.639024369782293,1.5399773369881091,0.41495699338181713,0.9327178340671489
