rmse,dummy_rmse,rrmse,correlation
0.6491244902986462,1.3854454880662255,0.46853123504654637,0.9181105145568452
