rmse,dummy_rmse,rrmse,correlation
0.5792602438145902,1.368965578407431,0.42313718381224275,0.9299601432188781
