rmse,dummy_rmse,rrmse,correlation
0.7869438369069931,1.8119410058031165,0.43430985338018396,0.930343897828483
