rmse,dummy_rmse,rrmse,correlation
0.6421571539191897,1.2703847461349602,0.505482414534711,0.9105454652297823
