rmse,dummy_rmse,rrmse,correlation
0.7472223025697099,1.8703805205524588,0.3995028232832391,0.9409151655833603
