rmse,dummy_rmse,rrmse,correlation
0.5276968677271792,1.0302395486660976,0.5122079260967367,0.8993615532509971
