rmse,dummy_rmse,rrmse,correlation
0.7886860936368069,1.8977830326407708,0.4155828542652314,0.9411888443822471
